video_id,channel_name,publishedAt,title,company,confidence,sentiment,ticker,sector
BfZjRQ6k49E,Invest with Henry,2024-12-27T21:16:52Z,Selling Put Options for Beginners FULL FREE COURSE (2+ Hours),Goldman Sachs,1.0,0.7,GS,Financials
BfZjRQ6k49E,Invest with Henry,2024-12-27T21:16:52Z,Selling Put Options for Beginners FULL FREE COURSE (2+ Hours),Nvidia,1.0,0.8,NVDA,Information Technology
BfZjRQ6k49E,Invest with Henry,2024-12-27T21:16:52Z,Selling Put Options for Beginners FULL FREE COURSE (2+ Hours),Microsoft,1.0,1.0,MSFT,Information Technology
wpZdY0eR4WU,Invest with Henry,2024-12-26T19:44:32Z,If You Hold PALANTIR STOCK (PLTR) ... GET READY,Nvidia,1.0,0.5,NVDA,Information Technology
wpZdY0eR4WU,Invest with Henry,2024-12-26T19:44:32Z,If You Hold PALANTIR STOCK (PLTR) ... GET READY,Goldman Sachs,1.0,-0.7,GS,Financials
RfHcqSqrsUs,Invest with Henry,2024-12-21T16:58:24Z,URGENT: WATCH BEFORE MONDAY 930am! #SOFI #SPY #TSLA #PLTR #NVDA #AMD,Nvidia,1.0,1.0,NVDA,Information Technology
RfHcqSqrsUs,Invest with Henry,2024-12-21T16:58:24Z,URGENT: WATCH BEFORE MONDAY 930am! #SOFI #SPY #TSLA #PLTR #NVDA #AMD,Amazon,0.9,0.7,AMZN,Consumer Discretionary
RfHcqSqrsUs,Invest with Henry,2024-12-21T16:58:24Z,URGENT: WATCH BEFORE MONDAY 930am! #SOFI #SPY #TSLA #PLTR #NVDA #AMD,Goldman Sachs,0.9,-0.7,GS,Financials
hRn5OZWKlso,Invest with Henry,2024-12-20T14:45:03Z,"These 2 Stocks Are About to EXPLODE, Says Tom Lee",Nvidia,1.0,1.0,NVDA,Information Technology
hRn5OZWKlso,Invest with Henry,2024-12-20T14:45:03Z,"These 2 Stocks Are About to EXPLODE, Says Tom Lee",Morgan Stanley,1.0,0.0,MS,Financials
hRn5OZWKlso,Invest with Henry,2024-12-20T14:45:03Z,"These 2 Stocks Are About to EXPLODE, Says Tom Lee",Broadcom,0.9,0.0,AVGO,Information Technology
XpWMjvWVz_U,Invest with Henry,2024-12-18T21:50:46Z,Why I'm Buying Nvidia Stock (NVDA) NOW - Analysts Are WRONG,Nvidia,0.95,0.9,NVDA,Information Technology
XpWMjvWVz_U,Invest with Henry,2024-12-18T21:50:46Z,Why I'm Buying Nvidia Stock (NVDA) NOW - Analysts Are WRONG,Broadcom,0.9,0.7,AVGO,Information Technology
XpWMjvWVz_U,Invest with Henry,2024-12-18T21:50:46Z,Why I'm Buying Nvidia Stock (NVDA) NOW - Analysts Are WRONG,Intel,0.9,-0.8,INTC,Information Technology
bbuEFmIDxp8,Invest with Henry,2024-12-16T18:19:56Z,$500 Into This Stock Will Surpass Your Full Time Job,Intel,0.9,-0.7,INTC,Information Technology
bbuEFmIDxp8,Invest with Henry,2024-12-16T18:19:56Z,$500 Into This Stock Will Surpass Your Full Time Job,Nvidia,0.95,0.2,NVDA,Information Technology
bbuEFmIDxp8,Invest with Henry,2024-12-16T18:19:56Z,$500 Into This Stock Will Surpass Your Full Time Job,Bank of America,0.9,0.0,BAC,Financials
bbuEFmIDxp8,Invest with Henry,2024-12-16T18:19:56Z,$500 Into This Stock Will Surpass Your Full Time Job,Amazon,0.95,0.0,AMZN,Consumer Discretionary
bbuEFmIDxp8,Invest with Henry,2024-12-16T18:19:56Z,$500 Into This Stock Will Surpass Your Full Time Job,Microsoft,0.95,0.0,MSFT,Information Technology
bbuEFmIDxp8,Invest with Henry,2024-12-16T18:19:56Z,$500 Into This Stock Will Surpass Your Full Time Job,Airbnb,0.9,0.5,ABNB,Consumer Discretionary
bbuEFmIDxp8,Invest with Henry,2024-12-16T18:19:56Z,$500 Into This Stock Will Surpass Your Full Time Job,Goldman Sachs,0.9,0.0,GS,Financials
gMSr_XFQrwU,Invest with Henry,2024-12-15T15:30:19Z,URGENT: WATCH BEFORE MONDAY 930am! #SOFI #TSLA #PLTR #NVDA #SPY #AMD,Nvidia,1.0,0.8,NVDA,Information Technology
gMSr_XFQrwU,Invest with Henry,2024-12-15T15:30:19Z,URGENT: WATCH BEFORE MONDAY 930am! #SOFI #TSLA #PLTR #NVDA #SPY #AMD,Goldman Sachs,1.0,-0.2,GS,Financials
p3gMXWKtP-M,Invest with Henry,2024-12-14T15:30:22Z,If You Hold TESLA STOCK (TSLA) ... GET READY,Uber,0.9,0.5,UBER,Industrials
p3gMXWKtP-M,Invest with Henry,2024-12-14T15:30:22Z,If You Hold TESLA STOCK (TSLA) ... GET READY,McDonald's,0.8,0.0,MCD,Consumer Discretionary
EKVJnJC9lzw,Invest with Henry,2024-12-13T14:30:07Z,Top 3 Stocks I'm Buying to Make MILLIONS in 2025,Morgan Stanley,0.9,0.0,MS,Financials
EKVJnJC9lzw,Invest with Henry,2024-12-13T14:30:07Z,Top 3 Stocks I'm Buying to Make MILLIONS in 2025,Nvidia,0.9,0.6,NVDA,Information Technology
EKVJnJC9lzw,Invest with Henry,2024-12-13T14:30:07Z,Top 3 Stocks I'm Buying to Make MILLIONS in 2025,Intel,0.9,-0.5,INTC,Information Technology
EKVJnJC9lzw,Invest with Henry,2024-12-13T14:30:07Z,Top 3 Stocks I'm Buying to Make MILLIONS in 2025,Microsoft,0.9,0.8,MSFT,Information Technology
EKVJnJC9lzw,Invest with Henry,2024-12-13T14:30:07Z,Top 3 Stocks I'm Buying to Make MILLIONS in 2025,Walmart,0.9,0.9,WMT,Consumer Staples
EKVJnJC9lzw,Invest with Henry,2024-12-13T14:30:07Z,Top 3 Stocks I'm Buying to Make MILLIONS in 2025,Starbucks,0.9,-0.5,SBUX,Consumer Discretionary
Qy1Uzkk4q0M,Invest with Henry,2024-12-08T14:15:01Z,WATCH BEFORE MONDAY 930am! #SOFI #TSLA #PLTR #NVDA #SPY #SMCI,Nvidia,1.0,0.8,NVDA,Information Technology
Qy1Uzkk4q0M,Invest with Henry,2024-12-08T14:15:01Z,WATCH BEFORE MONDAY 930am! #SOFI #TSLA #PLTR #NVDA #SPY #SMCI,Amazon,0.9,0.2,AMZN,Consumer Discretionary
Qy1Uzkk4q0M,Invest with Henry,2024-12-08T14:15:01Z,WATCH BEFORE MONDAY 930am! #SOFI #TSLA #PLTR #NVDA #SPY #SMCI,Goldman Sachs,0.9,0.0,GS,Financials
Qy1Uzkk4q0M,Invest with Henry,2024-12-08T14:15:01Z,WATCH BEFORE MONDAY 930am! #SOFI #TSLA #PLTR #NVDA #SPY #SMCI,BlackRock,0.9,0.2,BLK,Financials
eVifPL2xAPM,Invest with Henry,2024-12-07T16:00:36Z,"I JUST Invested $1.5 MILLION in Tesla Stock (TSLA), Here's Why",Bank of America,1.0,0.8,BAC,Financials
eVifPL2xAPM,Invest with Henry,2024-12-07T16:00:36Z,"I JUST Invested $1.5 MILLION in Tesla Stock (TSLA), Here's Why",Nvidia,1.0,0.9,NVDA,Information Technology
eVifPL2xAPM,Invest with Henry,2024-12-07T16:00:36Z,"I JUST Invested $1.5 MILLION in Tesla Stock (TSLA), Here's Why",Goldman Sachs,1.0,0.0,GS,Financials
Is662tG7DzE,Invest with Henry,2024-12-05T14:30:08Z,Palantir Stock (PLTR) Unusual Options Opportunity (DO THIS NOW),Goldman Sachs,0.9,0.0,GS,Financials
A3Mq7iq_jpk,Invest with Henry,2024-11-30T22:30:06Z,WATCH BEFORE MONDAY 930am! #SOFI #PLTR #TSLA #NVDA #SPY #SMCI,Palantir Technologies,0.95,0.9,PLTR,Information Technology
A3Mq7iq_jpk,Invest with Henry,2024-11-30T22:30:06Z,WATCH BEFORE MONDAY 930am! #SOFI #PLTR #TSLA #NVDA #SPY #SMCI,Nvidia,0.95,0.9,NVDA,Information Technology
A3Mq7iq_jpk,Invest with Henry,2024-11-30T22:30:06Z,WATCH BEFORE MONDAY 930am! #SOFI #PLTR #TSLA #NVDA #SPY #SMCI,PayPal,0.9,0.2,PYPL,Financials
A3Mq7iq_jpk,Invest with Henry,2024-11-30T22:30:06Z,WATCH BEFORE MONDAY 930am! #SOFI #PLTR #TSLA #NVDA #SPY #SMCI,Goldman Sachs,0.95,-0.5,GS,Financials
A3Mq7iq_jpk,Invest with Henry,2024-11-30T22:30:06Z,WATCH BEFORE MONDAY 930am! #SOFI #PLTR #TSLA #NVDA #SPY #SMCI,Bank of America,0.95,-0.2,BAC,Financials
BdAalfGEON8,Invest with Henry,2024-11-29T20:30:00Z,"RETIRE EARLY ON JUST $212,000 With The Wheel Strategy on THESE Stocks",Nvidia,1.0,0.9,NVDA,Information Technology
BdAalfGEON8,Invest with Henry,2024-11-29T20:30:00Z,"RETIRE EARLY ON JUST $212,000 With The Wheel Strategy on THESE Stocks",Netflix,1.0,0.5,NFLX,Communication Services
BdAalfGEON8,Invest with Henry,2024-11-29T20:30:00Z,"RETIRE EARLY ON JUST $212,000 With The Wheel Strategy on THESE Stocks",Microsoft,1.0,0.8,MSFT,Information Technology
BdAalfGEON8,Invest with Henry,2024-11-29T20:30:00Z,"RETIRE EARLY ON JUST $212,000 With The Wheel Strategy on THESE Stocks",Amazon,1.0,0.8,AMZN,Consumer Discretionary
BdAalfGEON8,Invest with Henry,2024-11-29T20:30:00Z,"RETIRE EARLY ON JUST $212,000 With The Wheel Strategy on THESE Stocks",Kraft Heinz,0.9,0.5,KHC,Consumer Staples
BdAalfGEON8,Invest with Henry,2024-11-29T20:30:00Z,"RETIRE EARLY ON JUST $212,000 With The Wheel Strategy on THESE Stocks",Bank of America,1.0,0.5,BAC,Financials
45292DvRbvw,Invest with Henry,2024-11-28T14:30:01Z,Top 4 Options I'm Buying NOW (10% in December 2024),Nvidia,0.98,0.95,NVDA,Information Technology
45292DvRbvw,Invest with Henry,2024-11-28T14:30:01Z,Top 4 Options I'm Buying NOW (10% in December 2024),Goldman Sachs,0.9,0.0,GS,Financials
DdK02X_6890,Invest with Henry,2024-11-27T15:00:11Z,Maximize Profits on Tesla Stock (TSLA) WITHOUT Buying More Shares!,Nvidia,0.9,0.7,NVDA,Information Technology
DdK02X_6890,Invest with Henry,2024-11-27T15:00:11Z,Maximize Profits on Tesla Stock (TSLA) WITHOUT Buying More Shares!,Goldman Sachs,0.9,0.0,GS,Financials
Z38SDPa7TKk,Invest with Henry,2024-11-26T19:00:17Z,Make Consistent Passive Income by Selling Covered Calls (Options for Beginners),Amazon,0.9,0.1,AMZN,Consumer Discretionary
Z38SDPa7TKk,Invest with Henry,2024-11-26T19:00:17Z,Make Consistent Passive Income by Selling Covered Calls (Options for Beginners),Nvidia,1.0,0.8,NVDA,Information Technology
Z38SDPa7TKk,Invest with Henry,2024-11-26T19:00:17Z,Make Consistent Passive Income by Selling Covered Calls (Options for Beginners),Goldman Sachs,0.9,0.0,GS,Financials
6lfcSLiyjho,Invest with Henry,2024-11-25T14:00:07Z,Nvidia Stock (NVDA) Shareholders MUST DO THIS After Earnings!,Nvidia,1.0,0.9,NVDA,Information Technology
6lfcSLiyjho,Invest with Henry,2024-11-25T14:00:07Z,Nvidia Stock (NVDA) Shareholders MUST DO THIS After Earnings!,Bank of America,0.9,0.0,BAC,Financials
btZrYjyvZWw,Invest with Henry,2024-11-20T16:30:07Z,Selling Puts on Palantir Stock (PLTR) to Maximize Profits,Goldman Sachs,0.9,0.5,GS,Financials
btZrYjyvZWw,Invest with Henry,2024-11-20T16:30:07Z,Selling Puts on Palantir Stock (PLTR) to Maximize Profits,Nvidia,1.0,0.7,NVDA,Information Technology
6KA8xMwHrjg,Invest with Henry,2024-11-18T15:00:10Z,Nvidia Stock (NVDA) Shareholders MUST DO THIS BEFORE EARNINGS,Nvidia,1.0,0.9,NVDA,Information Technology
6KA8xMwHrjg,Invest with Henry,2024-11-18T15:00:10Z,Nvidia Stock (NVDA) Shareholders MUST DO THIS BEFORE EARNINGS,Goldman Sachs,1.0,0.0,GS,Financials
HIf75Bv63zs,Invest with Henry,2024-11-16T18:30:20Z,Top 3 Options Strategies to Reach $500K FAST,Nvidia,0.95,0.7,NVDA,Information Technology
HIf75Bv63zs,Invest with Henry,2024-11-16T18:30:20Z,Top 3 Options Strategies to Reach $500K FAST,Goldman Sachs,0.95,0.7,GS,Financials
Jql1SyWuW_w,Invest with Henry,2024-11-15T18:41:03Z,URGENT: Nvidia Stock (NVDA) Shareholders Need to Do THIS ASAP!,Nvidia,1.0,1.0,NVDA,Information Technology
Jql1SyWuW_w,Invest with Henry,2024-11-15T18:41:03Z,URGENT: Nvidia Stock (NVDA) Shareholders Need to Do THIS ASAP!,Goldman Sachs,1.0,0.0,GS,Financials
Jql1SyWuW_w,Invest with Henry,2024-11-15T18:41:03Z,URGENT: Nvidia Stock (NVDA) Shareholders Need to Do THIS ASAP!,Amazon,1.0,0.5,AMZN,Consumer Discretionary
Jql1SyWuW_w,Invest with Henry,2024-11-15T18:41:03Z,URGENT: Nvidia Stock (NVDA) Shareholders Need to Do THIS ASAP!,PayPal,1.0,0.5,PYPL,Financials
Jql1SyWuW_w,Invest with Henry,2024-11-15T18:41:03Z,URGENT: Nvidia Stock (NVDA) Shareholders Need to Do THIS ASAP!,Starbucks,1.0,0.5,SBUX,Consumer Discretionary
F-Qgzn2dCwU,Invest with Henry,2024-11-14T17:24:49Z,Maximize Profits on Palantir Stock (PLTR) WITHOUT Buying More Shares!,Nvidia,0.9,0.7,NVDA,Information Technology
F-Qgzn2dCwU,Invest with Henry,2024-11-14T17:24:49Z,Maximize Profits on Palantir Stock (PLTR) WITHOUT Buying More Shares!,Amazon,0.9,0.7,AMZN,Consumer Discretionary
pjUTGjhsajI,Invest with Henry,2024-11-13T15:12:37Z,URGENT: Tesla Stock (TSLA) Shareholders Need to Do THIS ASAP,Nvidia,1.0,0.8,NVDA,Information Technology
pjUTGjhsajI,Invest with Henry,2024-11-13T15:12:37Z,URGENT: Tesla Stock (TSLA) Shareholders Need to Do THIS ASAP,Microsoft,1.0,0.7,MSFT,Information Technology
pjUTGjhsajI,Invest with Henry,2024-11-13T15:12:37Z,URGENT: Tesla Stock (TSLA) Shareholders Need to Do THIS ASAP,Amazon,1.0,0.7,AMZN,Consumer Discretionary
MMIw8uLZOH4,Invest with Henry,2024-11-12T21:09:10Z,SELLING PUTS ON SPY: The Best Hack to Grow Smaller Accounts | OPTIONS TRADING,Nvidia,0.9,0.0,NVDA,Information Technology
MMIw8uLZOH4,Invest with Henry,2024-11-12T21:09:10Z,SELLING PUTS ON SPY: The Best Hack to Grow Smaller Accounts | OPTIONS TRADING,Amazon,0.9,0.0,AMZN,Consumer Discretionary
MMIw8uLZOH4,Invest with Henry,2024-11-12T21:09:10Z,SELLING PUTS ON SPY: The Best Hack to Grow Smaller Accounts | OPTIONS TRADING,Microsoft,0.9,0.0,MSFT,Information Technology
MMIw8uLZOH4,Invest with Henry,2024-11-12T21:09:10Z,SELLING PUTS ON SPY: The Best Hack to Grow Smaller Accounts | OPTIONS TRADING,Broadcom,0.9,0.0,AVGO,Information Technology
MMIw8uLZOH4,Invest with Henry,2024-11-12T21:09:10Z,SELLING PUTS ON SPY: The Best Hack to Grow Smaller Accounts | OPTIONS TRADING,Berkshire Hathaway,0.9,0.0,BRK.B,Financials
k2WVXt8U01g,Invest with Henry,2024-11-10T19:45:02Z,Pro Trader Explains Rolling Options to Avoid Losing Money,Goldman Sachs,1.0,0.0,GS,Financials
k2WVXt8U01g,Invest with Henry,2024-11-10T19:45:02Z,Pro Trader Explains Rolling Options to Avoid Losing Money,Nvidia,1.0,0.7,NVDA,Information Technology
k2WVXt8U01g,Invest with Henry,2024-11-10T19:45:02Z,Pro Trader Explains Rolling Options to Avoid Losing Money,Starbucks,1.0,0.8,SBUX,Consumer Discretionary
X_65DAMIzPE,Invest with Henry,2024-11-09T21:35:15Z,"These Options Strategies Made Me $316,999 (Options for Beginners)",Amazon,1.0,0.5,AMZN,Consumer Discretionary
X_65DAMIzPE,Invest with Henry,2024-11-09T21:35:15Z,"These Options Strategies Made Me $316,999 (Options for Beginners)",Nvidia,1.0,0.9,NVDA,Information Technology
X_65DAMIzPE,Invest with Henry,2024-11-09T21:35:15Z,"These Options Strategies Made Me $316,999 (Options for Beginners)",Starbucks,1.0,0.7,SBUX,Consumer Discretionary
X_65DAMIzPE,Invest with Henry,2024-11-09T21:35:15Z,"These Options Strategies Made Me $316,999 (Options for Beginners)",Walmart,1.0,0.9,WMT,Consumer Staples
X_65DAMIzPE,Invest with Henry,2024-11-09T21:35:15Z,"These Options Strategies Made Me $316,999 (Options for Beginners)",Goldman Sachs,0.9,0.0,GS,Financials
X_65DAMIzPE,Invest with Henry,2024-11-09T21:35:15Z,"These Options Strategies Made Me $316,999 (Options for Beginners)",PayPal,1.0,1.0,PYPL,Financials
X_65DAMIzPE,Invest with Henry,2024-11-09T21:35:15Z,"These Options Strategies Made Me $316,999 (Options for Beginners)",Microsoft,1.0,0.7,MSFT,Information Technology
X_65DAMIzPE,Invest with Henry,2024-11-09T21:35:15Z,"These Options Strategies Made Me $316,999 (Options for Beginners)",Coinbase,0.9,-0.6,COIN,Financials
X_65DAMIzPE,Invest with Henry,2024-11-09T21:35:15Z,"These Options Strategies Made Me $316,999 (Options for Beginners)",Airbnb,0.9,0.4,ABNB,Consumer Discretionary
X_65DAMIzPE,Invest with Henry,2024-11-09T21:35:15Z,"These Options Strategies Made Me $316,999 (Options for Beginners)",Kraft Heinz,0.9,0.8,KHC,Consumer Staples
BMI4rXieiuY,Invest with Henry,2024-11-08T21:29:12Z,Tesla Stock (TSLA) is About to Explode - Dan Ives Says DO THIS NOW,Nvidia,0.9,0.7,NVDA,Information Technology
xiiWMo2sfqc,Invest with Henry,2024-11-07T19:18:12Z,"How I Print $5,000–$10,000/Week Using the Wheel Strategy (Free Course)",Nvidia,0.95,0.9,NVDA,Information Technology
xiiWMo2sfqc,Invest with Henry,2024-11-07T19:18:12Z,"How I Print $5,000–$10,000/Week Using the Wheel Strategy (Free Course)",PayPal,0.9,0.6,PYPL,Financials
xiiWMo2sfqc,Invest with Henry,2024-11-07T19:18:12Z,"How I Print $5,000–$10,000/Week Using the Wheel Strategy (Free Course)",Goldman Sachs,0.95,0.0,GS,Financials
yP4ifmK2oAo,Invest with Henry,2024-11-06T16:15:05Z,3 Quick Tips to Make $10K Monthly With Covered Calls (Easy Money),Goldman Sachs,1.0,0.0,GS,Financials
yP4ifmK2oAo,Invest with Henry,2024-11-06T16:15:05Z,3 Quick Tips to Make $10K Monthly With Covered Calls (Easy Money),Amazon,1.0,0.8,AMZN,Consumer Discretionary
yP4ifmK2oAo,Invest with Henry,2024-11-06T16:15:05Z,3 Quick Tips to Make $10K Monthly With Covered Calls (Easy Money),Nvidia,1.0,0.7,NVDA,Information Technology
e9EoKE7kXBY,Invest with Henry,2024-11-05T15:27:40Z,URGENT PALANTIR IS ABOUT TO DO THIS!,Nvidia,0.9,0.7,NVDA,Information Technology
e9EoKE7kXBY,Invest with Henry,2024-11-05T15:27:40Z,URGENT PALANTIR IS ABOUT TO DO THIS!,FactSet,0.9,0.0,FDS,Financials
bpwXUxqdGsM,Invest with Henry,2024-11-01T17:25:36Z,Watch Millionaire Trader Sell Puts Live! (Selling put options for beginners),Nvidia,1.0,1.0,NVDA,Information Technology
8n8oQVUjWzI,Invest with Henry,2024-10-29T21:31:27Z,Perfect Time To Buy Calls for High Growth (Nvidia Stock),Nvidia,1.0,0.9,NVDA,Information Technology
8n8oQVUjWzI,Invest with Henry,2024-10-29T21:31:27Z,Perfect Time To Buy Calls for High Growth (Nvidia Stock),Intel,1.0,-0.7,INTC,Information Technology
OQhahDREU0g,Invest with Henry,2024-10-28T18:00:15Z,Secret Options Trading Strategies to Outsmart the Market (Full Course),Goldman Sachs,1.0,0.0,GS,Financials
OQhahDREU0g,Invest with Henry,2024-10-28T18:00:15Z,Secret Options Trading Strategies to Outsmart the Market (Full Course),Nvidia,1.0,0.8,NVDA,Information Technology
OQhahDREU0g,Invest with Henry,2024-10-28T18:00:15Z,Secret Options Trading Strategies to Outsmart the Market (Full Course),Amazon,1.0,0.1,AMZN,Consumer Discretionary
OQhahDREU0g,Invest with Henry,2024-10-28T18:00:15Z,Secret Options Trading Strategies to Outsmart the Market (Full Course),Match Group,1.0,0.0,MTCH,Communication Services
TgNzibRAtx4,Invest with Henry,2024-10-27T15:45:01Z,DO NOT Buy Tesla Stock (TSLA) Until It Hits THIS Price (Earnings Update),Amazon,0.9,0.7,AMZN,Consumer Discretionary
TgNzibRAtx4,Invest with Henry,2024-10-27T15:45:01Z,DO NOT Buy Tesla Stock (TSLA) Until It Hits THIS Price (Earnings Update),McDonald's,0.9,0.0,MCD,Consumer Discretionary
TgNzibRAtx4,Invest with Henry,2024-10-27T15:45:01Z,DO NOT Buy Tesla Stock (TSLA) Until It Hits THIS Price (Earnings Update),Goldman Sachs,0.9,0.0,GS,Financials
TgNzibRAtx4,Invest with Henry,2024-10-27T15:45:01Z,DO NOT Buy Tesla Stock (TSLA) Until It Hits THIS Price (Earnings Update),Palantir Technologies,0.9,0.7,PLTR,Information Technology
K6wxlQvh2Pk,Invest with Henry,2024-10-25T13:11:51Z,WARNING: THESE Stocks Will Explode (Not What You Think),Schlumberger,1.0,0.8,SLB,Energy
K6wxlQvh2Pk,Invest with Henry,2024-10-25T13:11:51Z,WARNING: THESE Stocks Will Explode (Not What You Think),ExxonMobil,1.0,0.9,XOM,Energy
K6wxlQvh2Pk,Invest with Henry,2024-10-25T13:11:51Z,WARNING: THESE Stocks Will Explode (Not What You Think),ConocoPhillips,1.0,0.7,COP,Energy
K6wxlQvh2Pk,Invest with Henry,2024-10-25T13:11:51Z,WARNING: THESE Stocks Will Explode (Not What You Think),Williams Companies,0.8,0.7,WMB,Energy
K6wxlQvh2Pk,Invest with Henry,2024-10-25T13:11:51Z,WARNING: THESE Stocks Will Explode (Not What You Think),Phillips 66,1.0,0.7,PSX,Energy
K6wxlQvh2Pk,Invest with Henry,2024-10-25T13:11:51Z,WARNING: THESE Stocks Will Explode (Not What You Think),Marathon Petroleum,1.0,0.7,MPC,Energy
K6wxlQvh2Pk,Invest with Henry,2024-10-25T13:11:51Z,WARNING: THESE Stocks Will Explode (Not What You Think),Occidental Petroleum,1.0,0.8,OXY,Energy
poxUuS2G35o,Invest with Henry,2024-10-22T15:01:03Z,Make $8000/Month in Safe Passive Income With This Easy Options Strategy,Nvidia,0.98,0.3,NVDA,Information Technology
poxUuS2G35o,Invest with Henry,2024-10-22T15:01:03Z,Make $8000/Month in Safe Passive Income With This Easy Options Strategy,Microsoft,0.98,0.3,MSFT,Information Technology
poxUuS2G35o,Invest with Henry,2024-10-22T15:01:03Z,Make $8000/Month in Safe Passive Income With This Easy Options Strategy,Amazon,0.98,0.3,AMZN,Consumer Discretionary
poxUuS2G35o,Invest with Henry,2024-10-22T15:01:03Z,Make $8000/Month in Safe Passive Income With This Easy Options Strategy,Broadcom,0.98,0.5,AVGO,Information Technology
poxUuS2G35o,Invest with Henry,2024-10-22T15:01:03Z,Make $8000/Month in Safe Passive Income With This Easy Options Strategy,Costco,0.98,0.0,COST,Consumer Staples
EUoWg_CWEDw,Invest with Henry,2024-10-21T15:00:13Z,WARNING: These Stocks Will Crash Next (Soft Landing Canceled),Bank of America,1.0,0.7,BAC,Financials
EUoWg_CWEDw,Invest with Henry,2024-10-21T15:00:13Z,WARNING: These Stocks Will Crash Next (Soft Landing Canceled),Goldman Sachs,1.0,0.0,GS,Financials
EUoWg_CWEDw,Invest with Henry,2024-10-21T15:00:13Z,WARNING: These Stocks Will Crash Next (Soft Landing Canceled),Nvidia,1.0,0.6,NVDA,Information Technology
aLxxxIU_Qxk,Invest with Henry,2024-10-20T19:00:00Z,URGENT: Maximize Profits on Palantir Stock (PLTR) with THIS Strategy,Nvidia,0.95,0.7,NVDA,Information Technology
aLxxxIU_Qxk,Invest with Henry,2024-10-20T19:00:00Z,URGENT: Maximize Profits on Palantir Stock (PLTR) with THIS Strategy,IBM,0.95,0.0,IBM,Information Technology
aLxxxIU_Qxk,Invest with Henry,2024-10-20T19:00:00Z,URGENT: Maximize Profits on Palantir Stock (PLTR) with THIS Strategy,Salesforce,0.95,0.6,CRM,Information Technology
aLxxxIU_Qxk,Invest with Henry,2024-10-20T19:00:00Z,URGENT: Maximize Profits on Palantir Stock (PLTR) with THIS Strategy,Amazon,0.95,0.7,AMZN,Consumer Discretionary
aohYavYXYCA,Invest with Henry,2024-10-19T18:00:04Z,Nvidia Stock (NVDA) - I'm Doing THIS Right Now (Easy Money),Nvidia,1.0,1.0,NVDA,Information Technology
aohYavYXYCA,Invest with Henry,2024-10-19T18:00:04Z,Nvidia Stock (NVDA) - I'm Doing THIS Right Now (Easy Money),Bank of America,1.0,0.0,BAC,Financials
aohYavYXYCA,Invest with Henry,2024-10-19T18:00:04Z,Nvidia Stock (NVDA) - I'm Doing THIS Right Now (Easy Money),Goldman Sachs,1.0,0.0,GS,Financials
mrRsAasTUx4,Invest with Henry,2024-10-15T20:07:50Z,NEW Options Strategy for HUGE Passive Income,Amazon,1.0,0.8,AMZN,Consumer Discretionary
mrRsAasTUx4,Invest with Henry,2024-10-15T20:07:50Z,NEW Options Strategy for HUGE Passive Income,Nvidia,1.0,0.9,NVDA,Information Technology
mrRsAasTUx4,Invest with Henry,2024-10-15T20:07:50Z,NEW Options Strategy for HUGE Passive Income,Microsoft,1.0,0.8,MSFT,Information Technology
mrRsAasTUx4,Invest with Henry,2024-10-15T20:07:50Z,NEW Options Strategy for HUGE Passive Income,Goldman Sachs,1.0,0.2,GS,Financials
mrRsAasTUx4,Invest with Henry,2024-10-15T20:07:50Z,NEW Options Strategy for HUGE Passive Income,Bank of America,1.0,0.9,BAC,Financials
aLVHRWutPoc,Invest with Henry,2024-10-12T18:30:02Z,Maximize Profits on Palantir (PLTR) Stock Without Buying More Shares!,Nvidia,0.9,0.0,NVDA,Information Technology
aLVHRWutPoc,Invest with Henry,2024-10-12T18:30:02Z,Maximize Profits on Palantir (PLTR) Stock Without Buying More Shares!,Walmart,0.9,0.7,WMT,Consumer Staples
3ksXPTJEHaE,Invest with Henry,2024-10-11T19:30:00Z,Generate $500 Safe Daily Passive Income (Wheel Option Strategy for Beginners),Nvidia,1.0,1.0,NVDA,Information Technology
3ksXPTJEHaE,Invest with Henry,2024-10-11T19:30:00Z,Generate $500 Safe Daily Passive Income (Wheel Option Strategy for Beginners),Goldman Sachs,1.0,0.0,GS,Financials
N4JvgqFttKg,Invest with Henry,2024-10-10T18:47:04Z,DO NOT Buy Nvidia Stock (NVDA) - Do THIS Instead,Nvidia,1.0,1.0,NVDA,Information Technology
N4JvgqFttKg,Invest with Henry,2024-10-10T18:47:04Z,DO NOT Buy Nvidia Stock (NVDA) - Do THIS Instead,Goldman Sachs,1.0,0.0,GS,Financials
hstDr_1QHxU,Invest with Henry,2024-10-07T16:15:03Z,Make $8000/Month In Safe Passive Income Selling Covered Calls (Free Options Trading Course),Goldman Sachs,0.9,0.1,GS,Financials
hstDr_1QHxU,Invest with Henry,2024-10-07T16:15:03Z,Make $8000/Month In Safe Passive Income Selling Covered Calls (Free Options Trading Course),Microsoft,0.9,0.7,MSFT,Information Technology
hstDr_1QHxU,Invest with Henry,2024-10-07T16:15:03Z,Make $8000/Month In Safe Passive Income Selling Covered Calls (Free Options Trading Course),Nvidia,0.95,0.8,NVDA,Information Technology
hstDr_1QHxU,Invest with Henry,2024-10-07T16:15:03Z,Make $8000/Month In Safe Passive Income Selling Covered Calls (Free Options Trading Course),Amazon,0.9,0.2,AMZN,Consumer Discretionary
hstDr_1QHxU,Invest with Henry,2024-10-07T16:15:03Z,Make $8000/Month In Safe Passive Income Selling Covered Calls (Free Options Trading Course),Netflix,0.9,0.0,NFLX,Communication Services
hstDr_1QHxU,Invest with Henry,2024-10-07T16:15:03Z,Make $8000/Month In Safe Passive Income Selling Covered Calls (Free Options Trading Course),Walmart,0.95,0.9,WMT,Consumer Staples
hstDr_1QHxU,Invest with Henry,2024-10-07T16:15:03Z,Make $8000/Month In Safe Passive Income Selling Covered Calls (Free Options Trading Course),PayPal,0.9,0.8,PYPL,Financials
hstDr_1QHxU,Invest with Henry,2024-10-07T16:15:03Z,Make $8000/Month In Safe Passive Income Selling Covered Calls (Free Options Trading Course),Kraft Heinz,0.9,0.8,KHC,Consumer Staples
hstDr_1QHxU,Invest with Henry,2024-10-07T16:15:03Z,Make $8000/Month In Safe Passive Income Selling Covered Calls (Free Options Trading Course),IBM,0.9,0.2,IBM,Information Technology
hstDr_1QHxU,Invest with Henry,2024-10-07T16:15:03Z,Make $8000/Month In Safe Passive Income Selling Covered Calls (Free Options Trading Course),Starbucks,0.95,0.9,SBUX,Consumer Discretionary
1PDVHOzQgzM,Invest with Henry,2024-10-04T21:25:59Z,URGENT: Palantir Stock (PLTR) Shareholders Need to Do THIS ASAP!,Nvidia,1.0,0.7,NVDA,Information Technology
1PDVHOzQgzM,Invest with Henry,2024-10-04T21:25:59Z,URGENT: Palantir Stock (PLTR) Shareholders Need to Do THIS ASAP!,Walmart,1.0,0.9,WMT,Consumer Staples
1PDVHOzQgzM,Invest with Henry,2024-10-04T21:25:59Z,URGENT: Palantir Stock (PLTR) Shareholders Need to Do THIS ASAP!,Goldman Sachs,1.0,0.0,GS,Financials
1GvzZP1ZZtk,Invest with Henry,2024-10-03T18:06:32Z,NVDA Perfect Time To Sell Put Options for High Income,Nvidia,1.0,1.0,NVDA,Information Technology
1GvzZP1ZZtk,Invest with Henry,2024-10-03T18:06:32Z,NVDA Perfect Time To Sell Put Options for High Income,Amazon,0.9,0.7,AMZN,Consumer Discretionary
1GvzZP1ZZtk,Invest with Henry,2024-10-03T18:06:32Z,NVDA Perfect Time To Sell Put Options for High Income,Netflix,0.9,0.7,NFLX,Communication Services
1GvzZP1ZZtk,Invest with Henry,2024-10-03T18:06:32Z,NVDA Perfect Time To Sell Put Options for High Income,Goldman Sachs,0.9,0.0,GS,Financials
zsG8VcjAUyA,Invest with Henry,2024-09-29T20:09:27Z,WARNING: Tesla Stock (TSLA) Unusual Call Options Activity (DO THIS BEFORE 10/10),Nvidia,0.95,0.2,NVDA,Information Technology
zsG8VcjAUyA,Invest with Henry,2024-09-29T20:09:27Z,WARNING: Tesla Stock (TSLA) Unusual Call Options Activity (DO THIS BEFORE 10/10),Amazon,0.95,0.0,AMZN,Consumer Discretionary
zsG8VcjAUyA,Invest with Henry,2024-09-29T20:09:27Z,WARNING: Tesla Stock (TSLA) Unusual Call Options Activity (DO THIS BEFORE 10/10),General Motors,0.95,-0.7,GM,Consumer Discretionary
zsG8VcjAUyA,Invest with Henry,2024-09-29T20:09:27Z,WARNING: Tesla Stock (TSLA) Unusual Call Options Activity (DO THIS BEFORE 10/10),Goldman Sachs,1.0,0.0,GS,Financials
_oofy4pJHU8,Invest with Henry,2024-09-27T16:58:15Z,URGENT: Once in a LIFETIME Stock Market Event IS HERE,Nvidia,1.0,0.8,NVDA,Information Technology
_oofy4pJHU8,Invest with Henry,2024-09-27T16:58:15Z,URGENT: Once in a LIFETIME Stock Market Event IS HERE,Microsoft,1.0,0.7,MSFT,Information Technology
_oofy4pJHU8,Invest with Henry,2024-09-27T16:58:15Z,URGENT: Once in a LIFETIME Stock Market Event IS HERE,Walmart,1.0,0.9,WMT,Consumer Staples
_oofy4pJHU8,Invest with Henry,2024-09-27T16:58:15Z,URGENT: Once in a LIFETIME Stock Market Event IS HERE,PayPal,1.0,0.5,PYPL,Financials
_oofy4pJHU8,Invest with Henry,2024-09-27T16:58:15Z,URGENT: Once in a LIFETIME Stock Market Event IS HERE,Amazon,1.0,0.5,AMZN,Consumer Discretionary
O4IYbpCfcxc,Invest with Henry,2024-09-26T18:00:53Z,Watch a Pro Options Trader Sell Puts Live! (Options for Beginners),Goldman Sachs,1.0,0.0,GS,Financials
O4IYbpCfcxc,Invest with Henry,2024-09-26T18:00:53Z,Watch a Pro Options Trader Sell Puts Live! (Options for Beginners),Nvidia,1.0,0.9,NVDA,Information Technology
ybNVhJijauE,Invest with Henry,2024-09-24T23:24:56Z,Double Your Dividends From Stocks With This Easy Options Strategy,Broadcom,1.0,0.9,AVGO,Information Technology
ybNVhJijauE,Invest with Henry,2024-09-24T23:24:56Z,Double Your Dividends From Stocks With This Easy Options Strategy,JPMorgan Chase,1.0,0.9,JPM,Financials
ybNVhJijauE,Invest with Henry,2024-09-24T23:24:56Z,Double Your Dividends From Stocks With This Easy Options Strategy,Procter & Gamble,1.0,0.7,PG,Consumer Staples
ybNVhJijauE,Invest with Henry,2024-09-24T23:24:56Z,Double Your Dividends From Stocks With This Easy Options Strategy,Johnson & Johnson,1.0,0.9,JNJ,Health Care
ybNVhJijauE,Invest with Henry,2024-09-24T23:24:56Z,Double Your Dividends From Stocks With This Easy Options Strategy,Walmart,1.0,1.0,WMT,Consumer Staples
ybNVhJijauE,Invest with Henry,2024-09-24T23:24:56Z,Double Your Dividends From Stocks With This Easy Options Strategy,Nvidia,1.0,1.0,NVDA,Information Technology
ybNVhJijauE,Invest with Henry,2024-09-24T23:24:56Z,Double Your Dividends From Stocks With This Easy Options Strategy,Goldman Sachs,1.0,0.5,GS,Financials
ybNVhJijauE,Invest with Henry,2024-09-24T23:24:56Z,Double Your Dividends From Stocks With This Easy Options Strategy,Starbucks,1.0,0.0,SBUX,Consumer Discretionary
ybNVhJijauE,Invest with Henry,2024-09-24T23:24:56Z,Double Your Dividends From Stocks With This Easy Options Strategy,UnitedHealth Group,1.0,0.0,UNH,Health Care
ybNVhJijauE,Invest with Henry,2024-09-24T23:24:56Z,Double Your Dividends From Stocks With This Easy Options Strategy,Honeywell,1.0,0.0,HON,Industrials
ybNVhJijauE,Invest with Henry,2024-09-24T23:24:56Z,Double Your Dividends From Stocks With This Easy Options Strategy,McDonald's,1.0,0.0,MCD,Consumer Discretionary
ybNVhJijauE,Invest with Henry,2024-09-24T23:24:56Z,Double Your Dividends From Stocks With This Easy Options Strategy,Texas Instruments,1.0,0.0,TXN,Information Technology
ybNVhJijauE,Invest with Henry,2024-09-24T23:24:56Z,Double Your Dividends From Stocks With This Easy Options Strategy,Microsoft,1.0,0.0,MSFT,Information Technology
ybNVhJijauE,Invest with Henry,2024-09-24T23:24:56Z,Double Your Dividends From Stocks With This Easy Options Strategy,Palantir Technologies,0.9,0.2,PLTR,Information Technology
eHfUNejlgnc,Invest with Henry,2024-09-22T20:07:00Z,Generate Safe Weekly Passive Income (Wheel Option Strategy for Beginners),Goldman Sachs,1.0,0.2,GS,Financials
eHfUNejlgnc,Invest with Henry,2024-09-22T20:07:00Z,Generate Safe Weekly Passive Income (Wheel Option Strategy for Beginners),Nvidia,1.0,0.9,NVDA,Information Technology
0J_pR9NKLYw,Invest with Henry,2024-09-21T20:07:00Z,Tom Lee: THESE Stocks Are About to EXPLODE,Nvidia,1.0,1.0,NVDA,Information Technology
0J_pR9NKLYw,Invest with Henry,2024-09-21T20:07:00Z,Tom Lee: THESE Stocks Are About to EXPLODE,Bank of America,1.0,1.0,BAC,Financials
0J_pR9NKLYw,Invest with Henry,2024-09-21T20:07:00Z,Tom Lee: THESE Stocks Are About to EXPLODE,Kraft Heinz,1.0,0.5,KHC,Consumer Staples
0J_pR9NKLYw,Invest with Henry,2024-09-21T20:07:00Z,Tom Lee: THESE Stocks Are About to EXPLODE,ExxonMobil,1.0,1.0,XOM,Energy
0J_pR9NKLYw,Invest with Henry,2024-09-21T20:07:00Z,Tom Lee: THESE Stocks Are About to EXPLODE,Schlumberger,1.0,1.0,SLB,Energy
0J_pR9NKLYw,Invest with Henry,2024-09-21T20:07:00Z,Tom Lee: THESE Stocks Are About to EXPLODE,Amazon,1.0,1.0,AMZN,Consumer Discretionary
oLxPKfwLL7Y,Invest with Henry,2024-09-20T20:07:00Z,URGENT: Only THESE Stocks Will Go Up As Rates Get Cut,Bank of America,1.0,0.6,BAC,Financials
oLxPKfwLL7Y,Invest with Henry,2024-09-20T20:07:00Z,URGENT: Only THESE Stocks Will Go Up As Rates Get Cut,Walmart,1.0,0.6,WMT,Consumer Staples
oLxPKfwLL7Y,Invest with Henry,2024-09-20T20:07:00Z,URGENT: Only THESE Stocks Will Go Up As Rates Get Cut,Kraft Heinz,1.0,0.7,KHC,Consumer Staples
oLxPKfwLL7Y,Invest with Henry,2024-09-20T20:07:00Z,URGENT: Only THESE Stocks Will Go Up As Rates Get Cut,Broadcom,1.0,0.7,AVGO,Information Technology
oLxPKfwLL7Y,Invest with Henry,2024-09-20T20:07:00Z,URGENT: Only THESE Stocks Will Go Up As Rates Get Cut,Amazon,1.0,0.9,AMZN,Consumer Discretionary
oLxPKfwLL7Y,Invest with Henry,2024-09-20T20:07:00Z,URGENT: Only THESE Stocks Will Go Up As Rates Get Cut,Nvidia,1.0,0.9,NVDA,Information Technology
oLxPKfwLL7Y,Invest with Henry,2024-09-20T20:07:00Z,URGENT: Only THESE Stocks Will Go Up As Rates Get Cut,Microsoft,1.0,0.9,MSFT,Information Technology
oLxPKfwLL7Y,Invest with Henry,2024-09-20T20:07:00Z,URGENT: Only THESE Stocks Will Go Up As Rates Get Cut,PayPal,1.0,1.0,PYPL,Financials
oLxPKfwLL7Y,Invest with Henry,2024-09-20T20:07:00Z,URGENT: Only THESE Stocks Will Go Up As Rates Get Cut,Goldman Sachs,1.0,0.0,GS,Financials
W_22zOIP0NU,Invest with Henry,2024-09-19T20:07:00Z,Why I'm Buying Palantir to Get Rich in 2025,Amazon,0.9,0.0,AMZN,Consumer Discretionary
W_22zOIP0NU,Invest with Henry,2024-09-19T20:07:00Z,Why I'm Buying Palantir to Get Rich in 2025,Goldman Sachs,0.9,0.0,GS,Financials
PCIPZ-jvtM0,Invest with Henry,2024-09-18T20:07:00Z,Apple Stock (AAPL) is in Trouble (Hedge With Options Now),Berkshire Hathaway,1.0,-0.2,BRK.B,Financials
PCIPZ-jvtM0,Invest with Henry,2024-09-18T20:07:00Z,Apple Stock (AAPL) is in Trouble (Hedge With Options Now),Intel,1.0,-0.4,INTC,Information Technology
PCIPZ-jvtM0,Invest with Henry,2024-09-18T20:07:00Z,Apple Stock (AAPL) is in Trouble (Hedge With Options Now),Starbucks,1.0,0.0,SBUX,Consumer Discretionary
PCIPZ-jvtM0,Invest with Henry,2024-09-18T20:07:00Z,Apple Stock (AAPL) is in Trouble (Hedge With Options Now),Nvidia,1.0,0.8,NVDA,Information Technology
hcHdbnoW1_U,Invest with Henry,2024-09-16T20:07:00Z,"Nvidia Stock (NVDA) is About to Explode, Says Morgan Stanley",Nvidia,1.0,0.9,NVDA,Information Technology
hcHdbnoW1_U,Invest with Henry,2024-09-16T20:07:00Z,"Nvidia Stock (NVDA) is About to Explode, Says Morgan Stanley",Morgan Stanley,1.0,0.0,MS,Financials
_6uSPoybec0,Invest with Henry,2024-09-15T21:29:51Z,"$2,338 Premium Collected Selling Put Spreads (LIVE Option Trading)",Nvidia,1.0,1.0,NVDA,Information Technology
_6uSPoybec0,Invest with Henry,2024-09-15T21:29:51Z,"$2,338 Premium Collected Selling Put Spreads (LIVE Option Trading)",Airbnb,1.0,0.9,ABNB,Consumer Discretionary
4KM6cXYpN7A,Invest with Henry,2024-09-12T20:31:23Z,PORTFOLIO REVEAL: I Make $15K on PLTR & NVDA Stocks Weekly (Here's How),Nvidia,0.95,0.95,NVDA,Information Technology
4KM6cXYpN7A,Invest with Henry,2024-09-12T20:31:23Z,PORTFOLIO REVEAL: I Make $15K on PLTR & NVDA Stocks Weekly (Here's How),Airbnb,0.95,0.7,ABNB,Consumer Discretionary
4KM6cXYpN7A,Invest with Henry,2024-09-12T20:31:23Z,PORTFOLIO REVEAL: I Make $15K on PLTR & NVDA Stocks Weekly (Here's How),Amazon,0.95,0.7,AMZN,Consumer Discretionary
4KM6cXYpN7A,Invest with Henry,2024-09-12T20:31:23Z,PORTFOLIO REVEAL: I Make $15K on PLTR & NVDA Stocks Weekly (Here's How),Bank of America,0.95,0.8,BAC,Financials
7ysP9AJMfVw,Invest with Henry,2024-09-11T20:07:00Z,3 Options Strategies to Get Rich (Without Getting Lucky),Goldman Sachs,1.0,0.0,GS,Financials
7ysP9AJMfVw,Invest with Henry,2024-09-11T20:07:00Z,3 Options Strategies to Get Rich (Without Getting Lucky),Nvidia,1.0,0.7,NVDA,Information Technology
--7laF-OZQw,Invest with Henry,2024-09-09T20:25:25Z,Make Money When Stocks Crash (Call Credit Spreads for Beginners),Nvidia,1.0,0.3,NVDA,Information Technology
--7laF-OZQw,Invest with Henry,2024-09-09T20:25:25Z,Make Money When Stocks Crash (Call Credit Spreads for Beginners),Amazon,1.0,0.0,AMZN,Consumer Discretionary
--7laF-OZQw,Invest with Henry,2024-09-09T20:25:25Z,Make Money When Stocks Crash (Call Credit Spreads for Beginners),Coinbase,1.0,0.0,COIN,Financials
LUayI3fUYCc,Invest with Henry,2024-09-08T17:05:00Z,DON'T BUY NVIDIA (NVDA) Until It Hits THIS PRICE! (Sell Puts Instead),Microsoft,0.9,0.0,MSFT,Information Technology
LUayI3fUYCc,Invest with Henry,2024-09-08T17:05:00Z,DON'T BUY NVIDIA (NVDA) Until It Hits THIS PRICE! (Sell Puts Instead),Goldman Sachs,0.9,0.0,GS,Financials
1IYoQD4ElP4,Invest with Henry,2024-09-06T20:07:00Z,My Palantir Stock (PLTR) 2025 Price Target & LEAP Option Strategy,Amazon,0.9,0.0,AMZN,Consumer Discretionary
1IYoQD4ElP4,Invest with Henry,2024-09-06T20:07:00Z,My Palantir Stock (PLTR) 2025 Price Target & LEAP Option Strategy,Nvidia,0.9,0.0,NVDA,Information Technology
m-SPLV4fFCA,Invest with Henry,2024-09-05T20:26:39Z,Nvidia Stock (NVDA) - I'm Doing THIS Right Now (Easy Money),Nvidia,1.0,1.0,NVDA,Information Technology
m-SPLV4fFCA,Invest with Henry,2024-09-05T20:26:39Z,Nvidia Stock (NVDA) - I'm Doing THIS Right Now (Easy Money),Goldman Sachs,0.9,0.1,GS,Financials
6DIFqm2wvPQ,Invest with Henry,2024-09-04T20:07:00Z,4 Stocks I'm Buying Right Now!,Nvidia,1.0,1.0,NVDA,Information Technology
6DIFqm2wvPQ,Invest with Henry,2024-09-04T20:07:00Z,4 Stocks I'm Buying Right Now!,PayPal,1.0,0.9,PYPL,Financials
iju_oetqgLo,Invest with Henry,2024-09-03T20:07:01Z,"Retire on JUST $197,000 Using The Wheel Strategy on SPY (Pro Options Trader)",Microsoft,0.9,0.7,MSFT,Information Technology
iju_oetqgLo,Invest with Henry,2024-09-03T20:07:01Z,"Retire on JUST $197,000 Using The Wheel Strategy on SPY (Pro Options Trader)",Nvidia,0.9,0.7,NVDA,Information Technology
iju_oetqgLo,Invest with Henry,2024-09-03T20:07:01Z,"Retire on JUST $197,000 Using The Wheel Strategy on SPY (Pro Options Trader)",Amazon,0.9,0.7,AMZN,Consumer Discretionary
iju_oetqgLo,Invest with Henry,2024-09-03T20:07:01Z,"Retire on JUST $197,000 Using The Wheel Strategy on SPY (Pro Options Trader)",Berkshire Hathaway,0.9,0.7,BRK.B,Financials
iju_oetqgLo,Invest with Henry,2024-09-03T20:07:01Z,"Retire on JUST $197,000 Using The Wheel Strategy on SPY (Pro Options Trader)",Broadcom,0.9,0.7,AVGO,Information Technology
MiK2UcPGSgQ,Invest with Henry,2024-09-02T20:01:39Z,WARNING ON PLTR: DO THIS Before The Stock Market Opens! (Palantir Stock Update),Goldman Sachs,1.0,-0.8,GS,Financials
MiK2UcPGSgQ,Invest with Henry,2024-09-02T20:01:39Z,WARNING ON PLTR: DO THIS Before The Stock Market Opens! (Palantir Stock Update),Amazon,0.9,0.0,AMZN,Consumer Discretionary
MiK2UcPGSgQ,Invest with Henry,2024-09-02T20:01:39Z,WARNING ON PLTR: DO THIS Before The Stock Market Opens! (Palantir Stock Update),Bank of America,0.9,0.0,BAC,Financials
MiK2UcPGSgQ,Invest with Henry,2024-09-02T20:01:39Z,WARNING ON PLTR: DO THIS Before The Stock Market Opens! (Palantir Stock Update),Kraft Heinz,0.9,0.2,KHC,Consumer Staples
Ig-iwBvUXvo,Invest with Henry,2024-08-30T19:59:42Z,Palantir Stock (PLTR) - I'm Doing This NOW!,BlackRock,1.0,0.0,BLK,Financials
Ig-iwBvUXvo,Invest with Henry,2024-08-30T19:59:42Z,Palantir Stock (PLTR) - I'm Doing This NOW!,Amazon,1.0,0.0,AMZN,Consumer Discretionary
Ig-iwBvUXvo,Invest with Henry,2024-08-30T19:59:42Z,Palantir Stock (PLTR) - I'm Doing This NOW!,Microsoft,1.0,0.0,MSFT,Information Technology
acsOliQVt9U,Invest with Henry,2024-08-29T20:12:43Z,Buying Call Options Tutorial and Close For Profit,Goldman Sachs,1.0,0.0,GS,Financials
acsOliQVt9U,Invest with Henry,2024-08-29T20:12:43Z,Buying Call Options Tutorial and Close For Profit,Nvidia,1.0,-0.8,NVDA,Information Technology
GMLZ-xk8Sp8,Invest with Henry,2024-08-27T20:07:00Z,How to Grow Small Accounts FAST (Iron Condor FULL Guide),Microsoft,1.0,0.2,MSFT,Information Technology
GMLZ-xk8Sp8,Invest with Henry,2024-08-27T20:07:00Z,How to Grow Small Accounts FAST (Iron Condor FULL Guide),Netflix,1.0,0.7,NFLX,Communication Services
GMLZ-xk8Sp8,Invest with Henry,2024-08-27T20:07:00Z,How to Grow Small Accounts FAST (Iron Condor FULL Guide),Nvidia,1.0,0.8,NVDA,Information Technology
5BVlq4sTqt8,Invest with Henry,2024-08-24T22:23:32Z,My One Easy Trick to Sell Puts for Passive Income,Goldman Sachs,1.0,0.0,GS,Financials
5BVlq4sTqt8,Invest with Henry,2024-08-24T22:23:32Z,My One Easy Trick to Sell Puts for Passive Income,Nvidia,1.0,0.7,NVDA,Information Technology
5BVlq4sTqt8,Invest with Henry,2024-08-24T22:23:32Z,My One Easy Trick to Sell Puts for Passive Income,Bank of America,1.0,0.7,BAC,Financials
5BVlq4sTqt8,Invest with Henry,2024-08-24T22:23:32Z,My One Easy Trick to Sell Puts for Passive Income,Walmart,1.0,0.0,WMT,Consumer Staples
5BVlq4sTqt8,Invest with Henry,2024-08-24T22:23:32Z,My One Easy Trick to Sell Puts for Passive Income,PayPal,1.0,0.7,PYPL,Financials
5BVlq4sTqt8,Invest with Henry,2024-08-24T22:23:32Z,My One Easy Trick to Sell Puts for Passive Income,Amazon,1.0,0.5,AMZN,Consumer Discretionary
5BVlq4sTqt8,Invest with Henry,2024-08-24T22:23:32Z,My One Easy Trick to Sell Puts for Passive Income,Starbucks,1.0,0.0,SBUX,Consumer Discretionary
5BVlq4sTqt8,Invest with Henry,2024-08-24T22:23:32Z,My One Easy Trick to Sell Puts for Passive Income,McDonald's,1.0,0.0,MCD,Consumer Discretionary
5BVlq4sTqt8,Invest with Henry,2024-08-24T22:23:32Z,My One Easy Trick to Sell Puts for Passive Income,Kraft Heinz,1.0,0.7,KHC,Consumer Staples
a5cxsHjp6l8,Invest with Henry,2024-08-17T20:40:56Z,Watch Millionaire Sell Options live! (Selling puts for Beginners),Nvidia,1.0,0.7,NVDA,Information Technology
a5cxsHjp6l8,Invest with Henry,2024-08-17T20:40:56Z,Watch Millionaire Sell Options live! (Selling puts for Beginners),Amazon,1.0,0.5,AMZN,Consumer Discretionary
a5cxsHjp6l8,Invest with Henry,2024-08-17T20:40:56Z,Watch Millionaire Sell Options live! (Selling puts for Beginners),Starbucks,1.0,0.5,SBUX,Consumer Discretionary
a5cxsHjp6l8,Invest with Henry,2024-08-17T20:40:56Z,Watch Millionaire Sell Options live! (Selling puts for Beginners),McDonald's,1.0,0.0,MCD,Consumer Discretionary
a5cxsHjp6l8,Invest with Henry,2024-08-17T20:40:56Z,Watch Millionaire Sell Options live! (Selling puts for Beginners),Walmart,1.0,0.9,WMT,Consumer Staples
Qw3KlvRInG0,Invest with Henry,2024-08-14T21:14:27Z,WARNING ON PALANTIR STOCK (PLTR) - I'm Doing This Right Now,Amazon,0.9,0.1,AMZN,Consumer Discretionary
hrz2co5hH6s,Invest with Henry,2024-08-13T20:37:15Z,Selling Options Is the Trick to Retire Early,Uber,0.95,0.0,UBER,Industrials
hrz2co5hH6s,Invest with Henry,2024-08-13T20:37:15Z,Selling Options Is the Trick to Retire Early,Amazon,0.98,-0.8,AMZN,Consumer Discretionary
HFjgK1jePG0,Invest with Henry,2024-08-10T17:02:11Z,Why Palantir Stock (PLTR) Will Go To $50 (HUGE NEWS),Microsoft,1.0,0.7,MSFT,Information Technology
HFjgK1jePG0,Invest with Henry,2024-08-10T17:02:11Z,Why Palantir Stock (PLTR) Will Go To $50 (HUGE NEWS),Northrop Grumman,0.9,0.5,NOC,Industrials
3bKEElxfJoU,Invest with Henry,2024-08-08T20:30:00Z,Wheel Trading: Ultimate Steady Guide To Monthly Income (BEGINNERS),Microsoft,1.0,0.5,MSFT,Information Technology
3bKEElxfJoU,Invest with Henry,2024-08-08T20:30:00Z,Wheel Trading: Ultimate Steady Guide To Monthly Income (BEGINNERS),Nvidia,1.0,0.5,NVDA,Information Technology
3bKEElxfJoU,Invest with Henry,2024-08-08T20:30:00Z,Wheel Trading: Ultimate Steady Guide To Monthly Income (BEGINNERS),Amazon,1.0,0.5,AMZN,Consumer Discretionary
3bKEElxfJoU,Invest with Henry,2024-08-08T20:30:00Z,Wheel Trading: Ultimate Steady Guide To Monthly Income (BEGINNERS),Berkshire Hathaway,0.9,0.5,BRK.B,Financials
3bKEElxfJoU,Invest with Henry,2024-08-08T20:30:00Z,Wheel Trading: Ultimate Steady Guide To Monthly Income (BEGINNERS),Broadcom,0.9,0.5,AVGO,Information Technology
KemyU91OZbY,Invest with Henry,2024-08-08T15:03:26Z,IT'S OVER! What an Emergency Rate Cut Means for Stock Market Investors,Airbnb,1.0,-1.0,ABNB,Consumer Discretionary
TDT7GytA2UU,Invest with Henry,2024-08-07T18:49:55Z,This F*cked The Stock Market,PepsiCo,0.9,-0.9,PEP,Consumer Staples
TDT7GytA2UU,Invest with Henry,2024-08-07T18:49:55Z,This F*cked The Stock Market,Mondelez International,0.8,-0.9,MDLZ,Consumer Staples
TDT7GytA2UU,Invest with Henry,2024-08-07T18:49:55Z,This F*cked The Stock Market,Tyson Foods,0.9,-0.9,TSN,Consumer Staples
sH68-TfmboE,Invest with Henry,2024-08-07T04:00:40Z,How to Sell a Put Option example,Microsoft,1.0,1.0,MSFT,Information Technology
ZJQy3v6QIaU,Invest with Henry,2024-08-06T15:28:29Z,Palantir READY TO EXPLODE,FactSet,0.9,0.0,FDS,Financials
tqkUC-BXK1M,Invest with Henry,2024-08-05T19:23:45Z,STOCK MARKET CRASH EXPLAINED! Should You Buy or Sell?,Starbucks,1.0,-0.9,SBUX,Consumer Discretionary
tqkUC-BXK1M,Invest with Henry,2024-08-05T19:23:45Z,STOCK MARKET CRASH EXPLAINED! Should You Buy or Sell?,Microsoft,1.0,0.7,MSFT,Information Technology
tqkUC-BXK1M,Invest with Henry,2024-08-05T19:23:45Z,STOCK MARKET CRASH EXPLAINED! Should You Buy or Sell?,Berkshire Hathaway,1.0,0.0,BRK.B,Financials
tqkUC-BXK1M,Invest with Henry,2024-08-05T19:23:45Z,STOCK MARKET CRASH EXPLAINED! Should You Buy or Sell?,Goldman Sachs,1.0,0.0,GS,Financials
tqkUC-BXK1M,Invest with Henry,2024-08-05T19:23:45Z,STOCK MARKET CRASH EXPLAINED! Should You Buy or Sell?,Nvidia,1.0,0.5,NVDA,Information Technology
tqkUC-BXK1M,Invest with Henry,2024-08-05T19:23:45Z,STOCK MARKET CRASH EXPLAINED! Should You Buy or Sell?,Amazon,1.0,0.9,AMZN,Consumer Discretionary
INYQpzBr3pM,Invest with Henry,2024-08-04T20:30:01Z,How I turned $100k to $700k in 1 year,Microsoft,0.9,0.2,MSFT,Information Technology
rL4t3G8O1kY,Invest with Henry,2024-08-03T14:02:27Z,PLTR. DO THIS BEFORE MONDAY,Microsoft,1.0,0.0,MSFT,Information Technology
rL4t3G8O1kY,Invest with Henry,2024-08-03T14:02:27Z,PLTR. DO THIS BEFORE MONDAY,Walmart,1.0,0.0,WMT,Consumer Staples
bmYMFwmufU8,Invest with Henry,2024-08-02T20:00:25Z,Don't do this when a stock goes down a lot...,Starbucks,0.9,-0.8,SBUX,Consumer Discretionary
QflccIcTaqk,Invest with Henry,2024-08-01T22:17:54Z,"Learn to Sell Put Options for $10,000 Monthly Passive Income",Meta Platforms,1.0,0.0,META,Communication Services
QflccIcTaqk,Invest with Henry,2024-08-01T22:17:54Z,"Learn to Sell Put Options for $10,000 Monthly Passive Income",PayPal,1.0,0.8,PYPL,Financials
QflccIcTaqk,Invest with Henry,2024-08-01T22:17:54Z,"Learn to Sell Put Options for $10,000 Monthly Passive Income",Goldman Sachs,1.0,0.1,GS,Financials
KxpiRm5SIrU,Invest with Henry,2024-08-01T20:00:07Z,What to do if your short option goes ITM?,Goldman Sachs,0.9,0.0,GS,Financials
IuC4UbaXORY,Invest with Henry,2024-07-31T20:40:59Z,Make 10% Monthly on Small Accounts With This Covered Call Options Strategy,Nvidia,0.95,0.9,NVDA,Information Technology
IuC4UbaXORY,Invest with Henry,2024-07-31T20:40:59Z,Make 10% Monthly on Small Accounts With This Covered Call Options Strategy,Amazon,0.9,0.5,AMZN,Consumer Discretionary
IuC4UbaXORY,Invest with Henry,2024-07-31T20:40:59Z,Make 10% Monthly on Small Accounts With This Covered Call Options Strategy,Walmart,0.9,0.0,WMT,Consumer Staples
IuC4UbaXORY,Invest with Henry,2024-07-31T20:40:59Z,Make 10% Monthly on Small Accounts With This Covered Call Options Strategy,PayPal,0.9,0.0,PYPL,Financials
i551wh49er0,Invest with Henry,2024-07-30T22:25:08Z,What Tesla and Nvidia did? Crash protection! ASAP!,Nvidia,1.0,-0.6,NVDA,Information Technology
i551wh49er0,Invest with Henry,2024-07-30T22:25:08Z,What Tesla and Nvidia did? Crash protection! ASAP!,Microsoft,1.0,0.8,MSFT,Information Technology
i551wh49er0,Invest with Henry,2024-07-30T22:25:08Z,What Tesla and Nvidia did? Crash protection! ASAP!,Amazon,1.0,0.8,AMZN,Consumer Discretionary
i551wh49er0,Invest with Henry,2024-07-30T22:25:08Z,What Tesla and Nvidia did? Crash protection! ASAP!,Broadcom,1.0,0.7,AVGO,Information Technology
i551wh49er0,Invest with Henry,2024-07-30T22:25:08Z,What Tesla and Nvidia did? Crash protection! ASAP!,Goldman Sachs,1.0,0.0,GS,Financials
i551wh49er0,Invest with Henry,2024-07-30T22:25:08Z,What Tesla and Nvidia did? Crash protection! ASAP!,McDonald's,1.0,0.9,MCD,Consumer Discretionary
i551wh49er0,Invest with Henry,2024-07-30T22:25:08Z,What Tesla and Nvidia did? Crash protection! ASAP!,Starbucks,1.0,0.3,SBUX,Consumer Discretionary
i551wh49er0,Invest with Henry,2024-07-30T22:25:08Z,What Tesla and Nvidia did? Crash protection! ASAP!,Kraft Heinz,0.9,0.5,KHC,Consumer Staples
SXd-v1z5AY8,Invest with Henry,2024-07-25T16:20:46Z,Options Trading for Beginners FULL FREE COURSE (4 Hours),Kraft Heinz,1.0,0.0,KHC,Consumer Staples
SXd-v1z5AY8,Invest with Henry,2024-07-25T16:20:46Z,Options Trading for Beginners FULL FREE COURSE (4 Hours),Starbucks,1.0,0.8,SBUX,Consumer Discretionary
yZRYS590Di0,Invest with Henry,2024-07-24T23:25:52Z,Palantir Wheel Income Strategy,Goldman Sachs,0.9,0.0,GS,Financials
yZRYS590Di0,Invest with Henry,2024-07-24T23:25:52Z,Palantir Wheel Income Strategy,Starbucks,0.8,0.2,SBUX,Consumer Discretionary
yZRYS590Di0,Invest with Henry,2024-07-24T23:25:52Z,Palantir Wheel Income Strategy,McDonald's,0.8,0.2,MCD,Consumer Discretionary
MnDxRlWOwss,Invest with Henry,2024-07-17T21:14:08Z,Urgent: AVGO Stock,Broadcom,1.0,0.9,AVGO,Information Technology
MnDxRlWOwss,Invest with Henry,2024-07-17T21:14:08Z,Urgent: AVGO Stock,Nvidia,1.0,0.7,NVDA,Information Technology
MnDxRlWOwss,Invest with Henry,2024-07-17T21:14:08Z,Urgent: AVGO Stock,Bank of America,1.0,0.0,BAC,Financials
MnDxRlWOwss,Invest with Henry,2024-07-17T21:14:08Z,Urgent: AVGO Stock,Intel,1.0,0.5,INTC,Information Technology
MnDxRlWOwss,Invest with Henry,2024-07-17T21:14:08Z,Urgent: AVGO Stock,Walmart,1.0,0.0,WMT,Consumer Staples
MnDxRlWOwss,Invest with Henry,2024-07-17T21:14:08Z,Urgent: AVGO Stock,PayPal,1.0,0.0,PYPL,Financials
MnDxRlWOwss,Invest with Henry,2024-07-17T21:14:08Z,Urgent: AVGO Stock,Amazon,1.0,0.0,AMZN,Consumer Discretionary
X-PuZQkqG1s,Invest with Henry,2024-07-15T18:00:16Z,How to Make $10K Per Month and Retire on SPY (Step by Step),IBM,1.0,0.0,IBM,Information Technology
X-PuZQkqG1s,Invest with Henry,2024-07-15T18:00:16Z,How to Make $10K Per Month and Retire on SPY (Step by Step),Microsoft,1.0,0.0,MSFT,Information Technology
X-PuZQkqG1s,Invest with Henry,2024-07-15T18:00:16Z,How to Make $10K Per Month and Retire on SPY (Step by Step),Goldman Sachs,1.0,0.0,GS,Financials
X-PuZQkqG1s,Invest with Henry,2024-07-15T18:00:16Z,How to Make $10K Per Month and Retire on SPY (Step by Step),Netflix,1.0,0.0,NFLX,Communication Services
Cbf_Nl1AXnA,Invest with Henry,2024-07-15T15:22:01Z,3 Stocks Congress Members Can’t Stop Buying,Broadcom,0.95,0.85,AVGO,Information Technology
Cbf_Nl1AXnA,Invest with Henry,2024-07-15T15:22:01Z,3 Stocks Congress Members Can’t Stop Buying,Coinbase,0.9,0.3,COIN,Financials
Cbf_Nl1AXnA,Invest with Henry,2024-07-15T15:22:01Z,3 Stocks Congress Members Can’t Stop Buying,Airbnb,0.9,0.7,ABNB,Consumer Discretionary
Cbf_Nl1AXnA,Invest with Henry,2024-07-15T15:22:01Z,3 Stocks Congress Members Can’t Stop Buying,Uber,0.8,0.0,UBER,Industrials
Cbf_Nl1AXnA,Invest with Henry,2024-07-15T15:22:01Z,3 Stocks Congress Members Can’t Stop Buying,Amazon,0.95,0.9,AMZN,Consumer Discretionary
81dsgvR5T3Y,Invest with Henry,2024-07-13T18:40:14Z,URGENT: Market Reset Incoming,Microsoft,1.0,0.7,MSFT,Information Technology
81dsgvR5T3Y,Invest with Henry,2024-07-13T18:40:14Z,URGENT: Market Reset Incoming,Amazon,1.0,0.8,AMZN,Consumer Discretionary
81dsgvR5T3Y,Invest with Henry,2024-07-13T18:40:14Z,URGENT: Market Reset Incoming,Uber,0.9,-0.8,UBER,Industrials
81dsgvR5T3Y,Invest with Henry,2024-07-13T18:40:14Z,URGENT: Market Reset Incoming,Nvidia,1.0,0.9,NVDA,Information Technology
81dsgvR5T3Y,Invest with Henry,2024-07-13T18:40:14Z,URGENT: Market Reset Incoming,PayPal,0.9,0.8,PYPL,Financials
fszLacO2K44,Invest with Henry,2024-07-12T22:20:14Z,I'm Buying Tesla AND Palantir Stock (Here's Why),Uber,1.0,-0.5,UBER,Industrials
oBOD0M_6jEk,Invest with Henry,2024-07-04T21:00:34Z,OPTIONS - The Only 7 Basics You MUST Know,Nvidia,1.0,0.8,NVDA,Information Technology
oBOD0M_6jEk,Invest with Henry,2024-07-04T21:00:34Z,OPTIONS - The Only 7 Basics You MUST Know,Bank of America,1.0,0.0,BAC,Financials
nbrFFqy3et8,Invest with Henry,2024-07-03T15:39:16Z,"$130,000 Palantir Position News",IBM,1.0,0.0,IBM,Information Technology
nbrFFqy3et8,Invest with Henry,2024-07-03T15:39:16Z,"$130,000 Palantir Position News",Amazon,1.0,0.0,AMZN,Consumer Discretionary
nbrFFqy3et8,Invest with Henry,2024-07-03T15:39:16Z,"$130,000 Palantir Position News",Microsoft,1.0,0.0,MSFT,Information Technology
nbrFFqy3et8,Invest with Henry,2024-07-03T15:39:16Z,"$130,000 Palantir Position News",Nvidia,1.0,0.0,NVDA,Information Technology
fPaAQhz2BGw,Invest with Henry,2024-06-27T18:22:27Z,PRO Options Trader Ranks The Top Trading Strategies,Goldman Sachs,1.0,0.0,GS,Financials
NWb4agPiRlc,Invest with Henry,2024-06-25T23:28:09Z,"If I Wanted to Go From Broke to $5M, Here’s What I’d Do (PROOF)",Amazon,1.0,0.8,AMZN,Consumer Discretionary
NWb4agPiRlc,Invest with Henry,2024-06-25T23:28:09Z,"If I Wanted to Go From Broke to $5M, Here’s What I’d Do (PROOF)",Microsoft,1.0,0.8,MSFT,Information Technology
NWb4agPiRlc,Invest with Henry,2024-06-25T23:28:09Z,"If I Wanted to Go From Broke to $5M, Here’s What I’d Do (PROOF)",Nvidia,1.0,0.7,NVDA,Information Technology
NWb4agPiRlc,Invest with Henry,2024-06-25T23:28:09Z,"If I Wanted to Go From Broke to $5M, Here’s What I’d Do (PROOF)",Walmart,1.0,1.0,WMT,Consumer Staples
NWb4agPiRlc,Invest with Henry,2024-06-25T23:28:09Z,"If I Wanted to Go From Broke to $5M, Here’s What I’d Do (PROOF)",PayPal,1.0,0.9,PYPL,Financials
GtFZtJ_36VM,Invest with Henry,2024-06-24T21:59:03Z,Revealed IMPORTANT Trade Hack!,Nvidia,1.0,0.9,NVDA,Information Technology
vhiBxjJIWM8,Invest with Henry,2024-06-15T22:35:40Z,Watch Millionaire Trader Sell Puts Live! (Selling put options for beginners),Microsoft,1.0,0.9,MSFT,Information Technology
vhiBxjJIWM8,Invest with Henry,2024-06-15T22:35:40Z,Watch Millionaire Trader Sell Puts Live! (Selling put options for beginners),Goldman Sachs,1.0,0.0,GS,Financials
vhiBxjJIWM8,Invest with Henry,2024-06-15T22:35:40Z,Watch Millionaire Trader Sell Puts Live! (Selling put options for beginners),Berkshire Hathaway,1.0,0.0,BRK.B,Financials
vhiBxjJIWM8,Invest with Henry,2024-06-15T22:35:40Z,Watch Millionaire Trader Sell Puts Live! (Selling put options for beginners),Amazon,1.0,0.9,AMZN,Consumer Discretionary
vhiBxjJIWM8,Invest with Henry,2024-06-15T22:35:40Z,Watch Millionaire Trader Sell Puts Live! (Selling put options for beginners),PayPal,1.0,0.7,PYPL,Financials
vhiBxjJIWM8,Invest with Henry,2024-06-15T22:35:40Z,Watch Millionaire Trader Sell Puts Live! (Selling put options for beginners),Starbucks,1.0,0.6,SBUX,Consumer Discretionary
b6lncrmvMWM,Invest with Henry,2024-06-14T21:11:10Z,10X Your Money Using These CHEAP Option Trading Strategy,Goldman Sachs,1.0,0.0,GS,Financials
b6lncrmvMWM,Invest with Henry,2024-06-14T21:11:10Z,10X Your Money Using These CHEAP Option Trading Strategy,Palantir Technologies,1.0,0.8,PLTR,Information Technology
b6lncrmvMWM,Invest with Henry,2024-06-14T21:11:10Z,10X Your Money Using These CHEAP Option Trading Strategy,Nvidia,1.0,1.0,NVDA,Information Technology
b6lncrmvMWM,Invest with Henry,2024-06-14T21:11:10Z,10X Your Money Using These CHEAP Option Trading Strategy,Airbnb,1.0,0.7,ABNB,Consumer Discretionary
1eHUjwOEqkk,Invest with Henry,2024-06-12T15:25:30Z,Top 5 Stocks I'm Buying Right Now for HUGE Growth,Nvidia,1.0,0.9,NVDA,Information Technology
1eHUjwOEqkk,Invest with Henry,2024-06-12T15:25:30Z,Top 5 Stocks I'm Buying Right Now for HUGE Growth,Meta Platforms,1.0,0.9,META,Communication Services
1eHUjwOEqkk,Invest with Henry,2024-06-12T15:25:30Z,Top 5 Stocks I'm Buying Right Now for HUGE Growth,Uber,1.0,0.0,UBER,Industrials
1eHUjwOEqkk,Invest with Henry,2024-06-12T15:25:30Z,Top 5 Stocks I'm Buying Right Now for HUGE Growth,Goldman Sachs,1.0,0.0,GS,Financials
WuNN1PNvNCk,Invest with Henry,2024-06-08T21:45:35Z,"PLTR: Wheel Strategy, Selling Puts and Covered Calls",Palantir Technologies,1.0,1.0,PLTR,Information Technology
WuNN1PNvNCk,Invest with Henry,2024-06-08T21:45:35Z,"PLTR: Wheel Strategy, Selling Puts and Covered Calls",Nvidia,1.0,0.8,NVDA,Information Technology
WuNN1PNvNCk,Invest with Henry,2024-06-08T21:45:35Z,"PLTR: Wheel Strategy, Selling Puts and Covered Calls",Microsoft,1.0,0.7,MSFT,Information Technology
M8RZ_hx1uBQ,Invest with Henry,2024-06-07T23:59:02Z,How to Make Money Buying Put Options for Beginners,Starbucks,1.0,-0.8,SBUX,Consumer Discretionary
jtZHaS1F1ls,Invest with Henry,2024-06-05T14:04:53Z,My Top Tips for Trading Options on Robinhood in 2024,Nvidia,0.9,0.8,NVDA,Information Technology
cAjyUvGb6qg,Invest with Henry,2024-05-27T18:38:46Z,Palantir Urgent: Do This Immediately,Nvidia,0.9,0.2,NVDA,Information Technology
cAjyUvGb6qg,Invest with Henry,2024-05-27T18:38:46Z,Palantir Urgent: Do This Immediately,Amazon,0.9,0.7,AMZN,Consumer Discretionary
cAjyUvGb6qg,Invest with Henry,2024-05-27T18:38:46Z,Palantir Urgent: Do This Immediately,Microsoft,0.9,0.7,MSFT,Information Technology
eXTscWLM2Xs,Invest with Henry,2024-05-23T23:37:45Z,Buying Call Options Explained Simple,Nvidia,1.0,1.0,NVDA,Information Technology
eXTscWLM2Xs,Invest with Henry,2024-05-23T23:37:45Z,Buying Call Options Explained Simple,Goldman Sachs,1.0,0.0,GS,Financials
h-1sVxdK880,Invest with Henry,2024-05-22T21:47:48Z,"$4,500/mo Spread Trading (Small Account)",Amazon,1.0,-0.3,AMZN,Consumer Discretionary
h-1sVxdK880,Invest with Henry,2024-05-22T21:47:48Z,"$4,500/mo Spread Trading (Small Account)",Starbucks,1.0,0.3,SBUX,Consumer Discretionary
giYniDkBd7Q,Invest with Henry,2024-05-16T18:29:23Z,Top 5 Covered Call Stocks Now for 2024,Kraft Heinz,1.0,0.7,KHC,Consumer Staples
giYniDkBd7Q,Invest with Henry,2024-05-16T18:29:23Z,Top 5 Covered Call Stocks Now for 2024,Goldman Sachs,0.9,0.0,GS,Financials
giYniDkBd7Q,Invest with Henry,2024-05-16T18:29:23Z,Top 5 Covered Call Stocks Now for 2024,AT&T,1.0,0.5,T,Communication Services
giYniDkBd7Q,Invest with Henry,2024-05-16T18:29:23Z,Top 5 Covered Call Stocks Now for 2024,Verizon,1.0,0.5,VZ,Communication Services
giYniDkBd7Q,Invest with Henry,2024-05-16T18:29:23Z,Top 5 Covered Call Stocks Now for 2024,Bank of America,1.0,0.8,BAC,Financials
giYniDkBd7Q,Invest with Henry,2024-05-16T18:29:23Z,Top 5 Covered Call Stocks Now for 2024,Berkshire Hathaway,1.0,0.3,BRK.B,Financials
giYniDkBd7Q,Invest with Henry,2024-05-16T18:29:23Z,Top 5 Covered Call Stocks Now for 2024,Nvidia,1.0,0.0,NVDA,Information Technology
W2YfJaYNd9E,Invest with Henry,2024-05-14T10:12:56Z,Rolling Options on Robinhood Invest with Henry,Amazon,0.9,0.6,AMZN,Consumer Discretionary
9hm3rWC9eh0,Invest with Henry,2024-05-12T19:21:04Z,Palantir: obvious trade.,Nvidia,1.0,0.8,NVDA,Information Technology
9hm3rWC9eh0,Invest with Henry,2024-05-12T19:21:04Z,Palantir: obvious trade.,Goldman Sachs,1.0,0.3,GS,Financials
ctxYEF4Y2C0,Invest with Henry,2024-05-10T21:36:15Z,Palantir. Do This Now!,Amazon,1.0,0.7,AMZN,Consumer Discretionary
ctxYEF4Y2C0,Invest with Henry,2024-05-10T21:36:15Z,Palantir. Do This Now!,Nvidia,1.0,0.7,NVDA,Information Technology
F9tWmpAgJd4,Invest with Henry,2024-05-07T16:15:53Z,Buy Call Options Tutorial on Robinhood with Strategy,Starbucks,1.0,0.0,SBUX,Consumer Discretionary
F9tWmpAgJd4,Invest with Henry,2024-05-07T16:15:53Z,Buy Call Options Tutorial on Robinhood with Strategy,Goldman Sachs,1.0,0.0,GS,Financials
YsbOiSiNYbQ,Invest with Henry,2024-05-04T16:03:52Z,SPY - How to Profitably Trade it,Goldman Sachs,1.0,0.0,GS,Financials
YsbOiSiNYbQ,Invest with Henry,2024-05-04T16:03:52Z,SPY - How to Profitably Trade it,Amazon,1.0,0.0,AMZN,Consumer Discretionary
YsbOiSiNYbQ,Invest with Henry,2024-05-04T16:03:52Z,SPY - How to Profitably Trade it,Microsoft,1.0,0.0,MSFT,Information Technology
YsbOiSiNYbQ,Invest with Henry,2024-05-04T16:03:52Z,SPY - How to Profitably Trade it,Johnson & Johnson,1.0,0.0,JNJ,Health Care
nX_Gvk6I9i4,Invest with Henry,2024-04-30T21:44:43Z,"Selling Put Options For $10,000/mo Income",Amazon,0.9,0.0,AMZN,Consumer Discretionary
_IJZav7mvNk,Invest with Henry,2024-04-21T19:24:34Z,"I Put $10,000 into NIO Stock",Uber,0.8,0.0,UBER,Industrials
4Y4rfffeZCQ,Invest with Henry,2024-04-18T23:37:59Z,Credit Spread | ONLY RISK $50 (Beginners),Goldman Sachs,1.0,0.7,GS,Financials
4Y4rfffeZCQ,Invest with Henry,2024-04-18T23:37:59Z,Credit Spread | ONLY RISK $50 (Beginners),Amazon,1.0,0.8,AMZN,Consumer Discretionary
4Y4rfffeZCQ,Invest with Henry,2024-04-18T23:37:59Z,Credit Spread | ONLY RISK $50 (Beginners),Nvidia,1.0,0.8,NVDA,Information Technology
x3yIocSj-x4,Invest with Henry,2024-04-15T12:30:40Z,WOW! Day Trade QQQ Last 15 Minute Sell Put 0 DTE EXAMPLE,Goldman Sachs,0.95,0.0,GS,Financials
x3yIocSj-x4,Invest with Henry,2024-04-15T12:30:40Z,WOW! Day Trade QQQ Last 15 Minute Sell Put 0 DTE EXAMPLE,Amazon,0.95,0.8,AMZN,Consumer Discretionary
x3yIocSj-x4,Invest with Henry,2024-04-15T12:30:40Z,WOW! Day Trade QQQ Last 15 Minute Sell Put 0 DTE EXAMPLE,Starbucks,0.95,0.0,SBUX,Consumer Discretionary
x3yIocSj-x4,Invest with Henry,2024-04-15T12:30:40Z,WOW! Day Trade QQQ Last 15 Minute Sell Put 0 DTE EXAMPLE,Walmart,0.95,0.0,WMT,Consumer Staples
x3yIocSj-x4,Invest with Henry,2024-04-15T12:30:40Z,WOW! Day Trade QQQ Last 15 Minute Sell Put 0 DTE EXAMPLE,PayPal,0.95,-0.7,PYPL,Financials
x3yIocSj-x4,Invest with Henry,2024-04-15T12:30:40Z,WOW! Day Trade QQQ Last 15 Minute Sell Put 0 DTE EXAMPLE,Nvidia,0.95,-0.2,NVDA,Information Technology
TinlncglF_c,Invest with Henry,2024-04-07T23:45:20Z,Options Dollar Cost Averaging,Microsoft,1.0,0.8,MSFT,Information Technology
R2zayWTM0YM,Invest with Henry,2024-04-04T18:31:53Z,Catching trends,Nvidia,0.9,0.7,NVDA,Information Technology
tUDXT6-G4uA,Invest with Henry,2024-04-03T18:00:33Z,Selling Options For Passive Monthly Income (Easy Way!),Starbucks,1.0,0.0,SBUX,Consumer Discretionary
tUDXT6-G4uA,Invest with Henry,2024-04-03T18:00:33Z,Selling Options For Passive Monthly Income (Easy Way!),Walmart,1.0,0.0,WMT,Consumer Staples
tUDXT6-G4uA,Invest with Henry,2024-04-03T18:00:33Z,Selling Options For Passive Monthly Income (Easy Way!),Amazon,1.0,0.0,AMZN,Consumer Discretionary
tUDXT6-G4uA,Invest with Henry,2024-04-03T18:00:33Z,Selling Options For Passive Monthly Income (Easy Way!),Goldman Sachs,1.0,0.0,GS,Financials
tUDXT6-G4uA,Invest with Henry,2024-04-03T18:00:33Z,Selling Options For Passive Monthly Income (Easy Way!),Kraft Heinz,0.9,0.2,KHC,Consumer Staples
X9ibF2v1RKA,Invest with Henry,2024-03-29T16:52:59Z,Options vs. Stocks: Which is Safer? (Risk Management Explained),Goldman Sachs,1.0,0.0,GS,Financials
X9ibF2v1RKA,Invest with Henry,2024-03-29T16:52:59Z,Options vs. Stocks: Which is Safer? (Risk Management Explained),Nvidia,1.0,0.8,NVDA,Information Technology
X9ibF2v1RKA,Invest with Henry,2024-03-29T16:52:59Z,Options vs. Stocks: Which is Safer? (Risk Management Explained),Starbucks,1.0,0.0,SBUX,Consumer Discretionary
UG5x8uP-j_4,Invest with Henry,2024-03-26T19:35:29Z,BROKE? - $50 Option Trading Strategy,Goldman Sachs,0.9,0.0,GS,Financials
UG5x8uP-j_4,Invest with Henry,2024-03-26T19:35:29Z,BROKE? - $50 Option Trading Strategy,Nvidia,0.95,0.9,NVDA,Information Technology
KIJ9nmub0JE,Invest with Henry,2024-03-22T18:18:41Z,Back At $2 MILLION Trading Account Update,Starbucks,1.0,0.7,SBUX,Consumer Discretionary
KIJ9nmub0JE,Invest with Henry,2024-03-22T18:18:41Z,Back At $2 MILLION Trading Account Update,Walmart,1.0,0.7,WMT,Consumer Staples
KIJ9nmub0JE,Invest with Henry,2024-03-22T18:18:41Z,Back At $2 MILLION Trading Account Update,Amazon,1.0,0.0,AMZN,Consumer Discretionary
KIJ9nmub0JE,Invest with Henry,2024-03-22T18:18:41Z,Back At $2 MILLION Trading Account Update,Take-Two Interactive,0.9,0.6,TTWO,Communication Services
KIJ9nmub0JE,Invest with Henry,2024-03-22T18:18:41Z,Back At $2 MILLION Trading Account Update,Coinbase,0.9,0.9,COIN,Financials
JsyuKB3kBBs,Invest with Henry,2024-03-16T19:12:26Z,Top 4 Call Options I'm Buying Now (Easy Money),Nvidia,1.0,1.0,NVDA,Information Technology
rIA5tof5VKU,Invest with Henry,2024-03-07T20:03:58Z,PLTR READY TO ROCKET 🚀,Nvidia,1.0,-0.2,NVDA,Information Technology
rIA5tof5VKU,Invest with Henry,2024-03-07T20:03:58Z,PLTR READY TO ROCKET 🚀,Amazon,1.0,0.9,AMZN,Consumer Discretionary
rIA5tof5VKU,Invest with Henry,2024-03-07T20:03:58Z,PLTR READY TO ROCKET 🚀,Walmart,1.0,0.7,WMT,Consumer Staples
oXK3vriAlz4,Invest with Henry,2024-02-24T17:30:08Z,Ex-Goldman Sachs Explains How The Stock Market Really Works,Goldman Sachs,1.0,0.2,GS,Financials
oXK3vriAlz4,Invest with Henry,2024-02-24T17:30:08Z,Ex-Goldman Sachs Explains How The Stock Market Really Works,Amazon,1.0,0.7,AMZN,Consumer Discretionary
oXK3vriAlz4,Invest with Henry,2024-02-24T17:30:08Z,Ex-Goldman Sachs Explains How The Stock Market Really Works,Nvidia,1.0,0.5,NVDA,Information Technology
oXK3vriAlz4,Invest with Henry,2024-02-24T17:30:08Z,Ex-Goldman Sachs Explains How The Stock Market Really Works,Airbnb,1.0,0.9,ABNB,Consumer Discretionary
oXK3vriAlz4,Invest with Henry,2024-02-24T17:30:08Z,Ex-Goldman Sachs Explains How The Stock Market Really Works,Uber,1.0,0.9,UBER,Industrials
oXK3vriAlz4,Invest with Henry,2024-02-24T17:30:08Z,Ex-Goldman Sachs Explains How The Stock Market Really Works,Microsoft,1.0,0.8,MSFT,Information Technology
nUp0zcPhLkY,Invest with Henry,2024-02-20T22:52:10Z,New $4K a Month Trader (Interviewing my Student),Nvidia,1.0,0.7,NVDA,Information Technology
nUp0zcPhLkY,Invest with Henry,2024-02-20T22:52:10Z,New $4K a Month Trader (Interviewing my Student),Starbucks,1.0,0.9,SBUX,Consumer Discretionary
xmQ8FzdEhuU,Invest with Henry,2024-02-15T17:49:59Z,Real Estate vs Stock Market in 2024 - Which is the better Investment Option?,Nvidia,1.0,0.0,NVDA,Information Technology
xmQ8FzdEhuU,Invest with Henry,2024-02-15T17:49:59Z,Real Estate vs Stock Market in 2024 - Which is the better Investment Option?,Amazon,1.0,1.0,AMZN,Consumer Discretionary
xmQ8FzdEhuU,Invest with Henry,2024-02-15T17:49:59Z,Real Estate vs Stock Market in 2024 - Which is the better Investment Option?,Starbucks,1.0,0.0,SBUX,Consumer Discretionary
xmQ8FzdEhuU,Invest with Henry,2024-02-15T17:49:59Z,Real Estate vs Stock Market in 2024 - Which is the better Investment Option?,Walmart,1.0,0.0,WMT,Consumer Staples
xmQ8FzdEhuU,Invest with Henry,2024-02-15T17:49:59Z,Real Estate vs Stock Market in 2024 - Which is the better Investment Option?,Microsoft,1.0,0.0,MSFT,Information Technology
Enx_5I_MHJw,Invest with Henry,2024-02-12T18:41:43Z,The Best Stocks to Buy RIGHT NOW (February 2024),Amazon,0.95,0.8,AMZN,Consumer Discretionary
Enx_5I_MHJw,Invest with Henry,2024-02-12T18:41:43Z,The Best Stocks to Buy RIGHT NOW (February 2024),McDonald's,0.95,0.9,MCD,Consumer Discretionary
Enx_5I_MHJw,Invest with Henry,2024-02-12T18:41:43Z,The Best Stocks to Buy RIGHT NOW (February 2024),Nvidia,0.95,-0.9,NVDA,Information Technology
Enx_5I_MHJw,Invest with Henry,2024-02-12T18:41:43Z,The Best Stocks to Buy RIGHT NOW (February 2024),Microsoft,0.95,0.7,MSFT,Information Technology
Enx_5I_MHJw,Invest with Henry,2024-02-12T18:41:43Z,The Best Stocks to Buy RIGHT NOW (February 2024),Walmart,0.95,0.7,WMT,Consumer Staples
Enx_5I_MHJw,Invest with Henry,2024-02-12T18:41:43Z,The Best Stocks to Buy RIGHT NOW (February 2024),Kraft Heinz,0.9,0.6,KHC,Consumer Staples
Enx_5I_MHJw,Invest with Henry,2024-02-12T18:41:43Z,The Best Stocks to Buy RIGHT NOW (February 2024),Bank of America,0.95,0.8,BAC,Financials
Enx_5I_MHJw,Invest with Henry,2024-02-12T18:41:43Z,The Best Stocks to Buy RIGHT NOW (February 2024),JPMorgan Chase,0.95,0.5,JPM,Financials
bPfQ44kVQDk,Invest with Henry,2024-02-08T15:00:39Z,I Told You… Now it’s going to be wild,Nvidia,0.9,0.1,NVDA,Information Technology
bPfQ44kVQDk,Invest with Henry,2024-02-08T15:00:39Z,I Told You… Now it’s going to be wild,Amazon,0.9,0.2,AMZN,Consumer Discretionary
bPfQ44kVQDk,Invest with Henry,2024-02-08T15:00:39Z,I Told You… Now it’s going to be wild,Uber,0.9,0.5,UBER,Industrials
bPfQ44kVQDk,Invest with Henry,2024-02-08T15:00:39Z,I Told You… Now it’s going to be wild,Airbnb,0.9,0.5,ABNB,Consumer Discretionary
bPfQ44kVQDk,Invest with Henry,2024-02-08T15:00:39Z,I Told You… Now it’s going to be wild,Salesforce,0.9,-0.1,CRM,Information Technology
hNIlS7190DU,Invest with Henry,2024-02-06T21:46:01Z,How Much Money To Retire Option Trading,Nvidia,1.0,0.8,NVDA,Information Technology
hNIlS7190DU,Invest with Henry,2024-02-06T21:46:01Z,How Much Money To Retire Option Trading,Goldman Sachs,1.0,-0.3,GS,Financials
QxpREr2-FUs,Invest with Henry,2024-02-05T20:26:35Z,I Quit Goldman Sachs Job,Goldman Sachs,0.9,-0.4,GS,Financials
LLJYuq78Gmg,Invest with Henry,2024-02-04T23:00:10Z,How to BUY Call Options on Robinhood For Beginners,Amazon,0.95,0.7,AMZN,Consumer Discretionary
BXN05v6rWAE,Invest with Henry,2024-01-30T19:39:02Z,I Quit Goldman Sachs And Made It Trading Options,Goldman Sachs,1.0,0.0,GS,Financials
BXN05v6rWAE,Invest with Henry,2024-01-30T19:39:02Z,I Quit Goldman Sachs And Made It Trading Options,IBM,1.0,0.0,IBM,Information Technology
o1gEPMq6o64,Invest with Henry,2024-01-29T20:58:58Z,"These Secrets Scaled me to $1,000,000+",Amazon,1.0,0.7,AMZN,Consumer Discretionary
o1gEPMq6o64,Invest with Henry,2024-01-29T20:58:58Z,"These Secrets Scaled me to $1,000,000+",Goldman Sachs,1.0,0.6,GS,Financials
o1gEPMq6o64,Invest with Henry,2024-01-29T20:58:58Z,"These Secrets Scaled me to $1,000,000+",Microsoft,1.0,0.7,MSFT,Information Technology
o1gEPMq6o64,Invest with Henry,2024-01-29T20:58:58Z,"These Secrets Scaled me to $1,000,000+",Nvidia,1.0,-0.5,NVDA,Information Technology
XoEgsztTKmg,Invest with Henry,2024-01-26T16:30:05Z,I TRIED BUYING OPTIONS,Nvidia,0.95,-0.7,NVDA,Information Technology
XoEgsztTKmg,Invest with Henry,2024-01-26T16:30:05Z,I TRIED BUYING OPTIONS,Netflix,0.9,-0.3,NFLX,Communication Services
XoEgsztTKmg,Invest with Henry,2024-01-26T16:30:05Z,I TRIED BUYING OPTIONS,Starbucks,0.95,0.9,SBUX,Consumer Discretionary
XoEgsztTKmg,Invest with Henry,2024-01-26T16:30:05Z,I TRIED BUYING OPTIONS,Walmart,0.95,0.95,WMT,Consumer Staples
nzebzJWna7Q,Invest with Henry,2024-01-24T16:00:39Z,Revealing Personal... (Invest with Henry Trading and Life Advice),Uber,1.0,0.0,UBER,Industrials
nzebzJWna7Q,Invest with Henry,2024-01-24T16:00:39Z,Revealing Personal... (Invest with Henry Trading and Life Advice),Airbnb,1.0,-0.5,ABNB,Consumer Discretionary
9zgdgqbMLUg,Invest with Henry,2024-01-22T20:11:45Z,Urgent: BEARISH Poor Man's Put,Nvidia,1.0,-1.0,NVDA,Information Technology
9zgdgqbMLUg,Invest with Henry,2024-01-22T20:11:45Z,Urgent: BEARISH Poor Man's Put,Starbucks,1.0,0.8,SBUX,Consumer Discretionary
r4gibOYRFvU,Invest with Henry,2024-01-19T19:30:02Z,50X to 100X Your Money WIth These Small Account Option Startegies,Palantir Technologies,1.0,-0.4,PLTR,Information Technology
c6q2fHXFDGs,Invest with Henry,2024-01-19T10:02:17Z,Placing Option Trade,Amazon,0.9,0.3,AMZN,Consumer Discretionary
3jxZiSp8cPE,Invest with Henry,2024-01-18T19:43:41Z,NEW strategy for PLTR - Wheel Strategy + Selling Puts | Option Trading Guide,Amazon,1.0,0.7,AMZN,Consumer Discretionary
3jxZiSp8cPE,Invest with Henry,2024-01-18T19:43:41Z,NEW strategy for PLTR - Wheel Strategy + Selling Puts | Option Trading Guide,Microsoft,1.0,0.7,MSFT,Information Technology
3jxZiSp8cPE,Invest with Henry,2024-01-18T19:43:41Z,NEW strategy for PLTR - Wheel Strategy + Selling Puts | Option Trading Guide,Nvidia,1.0,-0.8,NVDA,Information Technology
3jxZiSp8cPE,Invest with Henry,2024-01-18T19:43:41Z,NEW strategy for PLTR - Wheel Strategy + Selling Puts | Option Trading Guide,Walmart,1.0,0.7,WMT,Consumer Staples
DLxpgd-9uaE,Invest with Henry,2024-01-15T15:00:11Z,Call Debit Spread | BEAR Call Spread Option Trading,Goldman Sachs,1.0,0.0,GS,Financials
DLxpgd-9uaE,Invest with Henry,2024-01-15T15:00:11Z,Call Debit Spread | BEAR Call Spread Option Trading,Nvidia,1.0,-0.8,NVDA,Information Technology
DLxpgd-9uaE,Invest with Henry,2024-01-15T15:00:11Z,Call Debit Spread | BEAR Call Spread Option Trading,Amazon,1.0,0.9,AMZN,Consumer Discretionary
BFM5couZWoE,Invest with Henry,2024-01-10T16:51:12Z,17X Your Money Fast Option Trading CHEAP Strategy (Just $50),Goldman Sachs,1.0,0.0,GS,Financials
s0uPBdLP7KU,Invest with Henry,2024-01-07T20:24:01Z,How Charlie Munger Actually Made Money with Options,Berkshire Hathaway,1.0,0.0,BRK.B,Financials
MlYwvexD8Fc,Invest with Henry,2024-01-05T17:02:22Z,"Here’s a $12,000 Options Trading Coaching Session for FREE",Nvidia,1.0,0.8,NVDA,Information Technology
MlYwvexD8Fc,Invest with Henry,2024-01-05T17:02:22Z,"Here’s a $12,000 Options Trading Coaching Session for FREE",Netflix,1.0,0.8,NFLX,Communication Services
4u1n3pT7l1Y,Invest with Henry,2024-01-03T16:00:05Z,Robinhood Trading Account | Retiring With Option Trading For Income,Goldman Sachs,1.0,0.0,GS,Financials
